item,feedtype,year,region_code,region,conversion
Beef cattle,animal_products,1970,1,Canada,0.010747528
Beef cattle,animal_products,1970,3,Central America,0.014114956
Beef cattle,animal_products,1970,14,East asia,0.049593695
Beef cattle,animal_products,1970,7,Eastern Africa,0.00582022
Beef cattle,animal_products,1970,10,Eastern Europe,0.038507496
Beef cattle,animal_products,1970,11,Former USSR,0.071587301
Beef cattle,animal_products,1970,17,Japan,0.040025933
Beef cattle,animal_products,1970,12,Middle East,0.135931535
Beef cattle,animal_products,1970,5,Northern Africa,0.051174405
Beef cattle,animal_products,1970,16,Oceania,0.016262443
Beef cattle,animal_products,1970,9,OECD Europe,0.050473736
Beef cattle,animal_products,1970,4,South America,0.014408917
Beef cattle,animal_products,1970,13,South Asia,0.140647659
Beef cattle,animal_products,1970,15,South East Asia,0.026449553
Beef cattle,animal_products,1970,8,Southern Africa,0.014508264
Beef cattle,animal_products,1970,2,USA,0.026331047
Beef cattle,animal_products,1970,6,Western Africa,0.003243666
Beef cattle,animal_products,1995,1,Canada,0.013321505
Beef cattle,animal_products,1995,3,Central America,0.010777164
Beef cattle,animal_products,1995,14,East asia,0.009851395
Beef cattle,animal_products,1995,7,Eastern Africa,0.012455183
Beef cattle,animal_products,1995,10,Eastern Europe,0.031510942
Beef cattle,animal_products,1995,11,Former USSR,0.065163901
Beef cattle,animal_products,1995,17,Japan,0.028708291
Beef cattle,animal_products,1995,12,Middle East,0.068966578
Beef cattle,animal_products,1995,5,Northern Africa,0.023535792
Beef cattle,animal_products,1995,16,Oceania,0.012385914
Beef cattle,animal_products,1995,9,OECD Europe,0.052190522
Beef cattle,animal_products,1995,4,South America,0.017550762
Beef cattle,animal_products,1995,13,South Asia,0.132462588
Beef cattle,animal_products,1995,15,South East Asia,0.019051421
Beef cattle,animal_products,1995,8,Southern Africa,0.016126428
Beef cattle,animal_products,1995,2,USA,0.022389828
Beef cattle,animal_products,1995,6,Western Africa,0.004793108
Beef cattle,animal_products,2030,1,Canada,0.012262936
Beef cattle,animal_products,2030,3,Central America,0.008945326
Beef cattle,animal_products,2030,14,East asia,0.008636309
Beef cattle,animal_products,2030,7,Eastern Africa,0.009168232
Beef cattle,animal_products,2030,10,Eastern Europe,0.032942146
Beef cattle,animal_products,2030,11,Former USSR,0.056829583
Beef cattle,animal_products,2030,17,Japan,0.018057092
Beef cattle,animal_products,2030,12,Middle East,0.060476262
Beef cattle,animal_products,2030,5,Northern Africa,0.023638715
Beef cattle,animal_products,2030,16,Oceania,0.011480138
Beef cattle,animal_products,2030,9,OECD Europe,0.031913632
Beef cattle,animal_products,2030,4,South America,0.018999106
Beef cattle,animal_products,2030,13,South Asia,0.08945769
Beef cattle,animal_products,2030,15,South East Asia,0.013878464
Beef cattle,animal_products,2030,8,Southern Africa,0.013177603
Beef cattle,animal_products,2030,2,USA,0.020749982
Beef cattle,animal_products,2030,6,Western Africa,0.003211229
Beef cattle,feed_crops,1970,1,Canada,9.852356833
Beef cattle,feed_crops,1970,3,Central America,2.420248254
Beef cattle,feed_crops,1970,14,East asia,36.77619904
Beef cattle,feed_crops,1970,7,Eastern Africa,0.300505389
Beef cattle,feed_crops,1970,10,Eastern Europe,4.862435639
Beef cattle,feed_crops,1970,11,Former USSR,4.10335933
Beef cattle,feed_crops,1970,17,Japan,6.81911726
Beef cattle,feed_crops,1970,12,Middle East,13.28300047
Beef cattle,feed_crops,1970,5,Northern Africa,4.853345269
Beef cattle,feed_crops,1970,16,Oceania,1.007880052
Beef cattle,feed_crops,1970,9,OECD Europe,2.822664911
Beef cattle,feed_crops,1970,4,South America,1.36217769
Beef cattle,feed_crops,1970,13,South Asia,2.179451759
Beef cattle,feed_crops,1970,15,South East Asia,7.567677437
Beef cattle,feed_crops,1970,8,Southern Africa,2.897354711
Beef cattle,feed_crops,1970,2,USA,7.432530971
Beef cattle,feed_crops,1970,6,Western Africa,1.356797282
Beef cattle,feed_crops,1995,1,Canada,12.21194504
Beef cattle,feed_crops,1995,3,Central America,1.847927274
Beef cattle,feed_crops,1995,14,East asia,7.305301063
Beef cattle,feed_crops,1995,7,Eastern Africa,0.64307693
Beef cattle,feed_crops,1995,10,Eastern Europe,3.978963685
Beef cattle,feed_crops,1995,11,Former USSR,3.735172257
Beef cattle,feed_crops,1995,17,Japan,4.890959029
Beef cattle,feed_crops,1995,12,Middle East,6.739297749
Beef cattle,feed_crops,1995,5,Northern Africa,2.232118245
Beef cattle,feed_crops,1995,16,Oceania,0.76762859
Beef cattle,feed_crops,1995,9,OECD Europe,2.918673462
Beef cattle,feed_crops,1995,4,South America,1.659198706
Beef cattle,feed_crops,1995,13,South Asia,2.05261733
Beef cattle,feed_crops,1995,15,South East Asia,5.450942956
Beef cattle,feed_crops,1995,8,Southern Africa,3.187814878
Beef cattle,feed_crops,1995,2,USA,6.320032928
Beef cattle,feed_crops,1995,6,Western Africa,2.004915302
Beef cattle,feed_crops,2030,1,Canada,11.24154505
Beef cattle,feed_crops,2030,3,Central America,1.533827623
Beef cattle,feed_crops,2030,14,East asia,6.404253752
Beef cattle,feed_crops,2030,7,Eastern Africa,0.473367471
Beef cattle,feed_crops,2030,10,Eastern Europe,4.159685273
Beef cattle,feed_crops,2030,11,Former USSR,3.257452008
Beef cattle,feed_crops,2030,17,Japan,3.076341211
Beef cattle,feed_crops,2030,12,Middle East,5.90963832
Beef cattle,feed_crops,2030,5,Northern Africa,2.241879373
Beef cattle,feed_crops,2030,16,Oceania,0.711492243
Beef cattle,feed_crops,2030,9,OECD Europe,1.784720069
Beef cattle,feed_crops,2030,4,South America,1.796120971
Beef cattle,feed_crops,2030,13,South Asia,1.386220867
Beef cattle,feed_crops,2030,15,South East Asia,3.970869932
Beef cattle,feed_crops,2030,8,Southern Africa,2.604901584
Beef cattle,feed_crops,2030,2,USA,5.857149736
Beef cattle,feed_crops,2030,6,Western Africa,1.34322885
Beef cattle,grass,1970,1,Canada,19.35844992
Beef cattle,grass,1970,3,Central America,58.95361061
Beef cattle,grass,1970,14,East asia,265.3320697
Beef cattle,grass,1970,7,Eastern Africa,122.9588146
Beef cattle,grass,1970,10,Eastern Europe,13.77791885
Beef cattle,grass,1970,11,Former USSR,13.93477408
Beef cattle,grass,1970,17,Japan,16.30156769
Beef cattle,grass,1970,12,Middle East,33.63288837
Beef cattle,grass,1970,5,Northern Africa,10.62239588
Beef cattle,grass,1970,16,Oceania,36.26807983
Beef cattle,grass,1970,9,OECD Europe,11.63553192
Beef cattle,grass,1970,4,South America,54.10743893
Beef cattle,grass,1970,13,South Asia,84.69152986
Beef cattle,grass,1970,15,South East Asia,65.31241073
Beef cattle,grass,1970,8,Southern Africa,76.87949884
Beef cattle,grass,1970,2,USA,19.71181742
Beef cattle,grass,1970,6,Western Africa,96.16868424
Beef cattle,grass,1995,1,Canada,24.89798995
Beef cattle,grass,1995,3,Central America,40.62687567
Beef cattle,grass,1995,14,East asia,40.64266266
Beef cattle,grass,1995,7,Eastern Africa,98.31230024
Beef cattle,grass,1995,10,Eastern Europe,11.27456338
Beef cattle,grass,1995,11,Former USSR,12.6844318
Beef cattle,grass,1995,17,Japan,11.69217314
Beef cattle,grass,1995,12,Middle East,15.79766194
Beef cattle,grass,1995,5,Northern Africa,4.743072534
Beef cattle,grass,1995,16,Oceania,28.23675165
Beef cattle,grass,1995,9,OECD Europe,12.03129642
Beef cattle,grass,1995,4,South America,52.31304422
Beef cattle,grass,1995,13,South Asia,56.78590326
Beef cattle,grass,1995,15,South East Asia,45.8801373
Beef cattle,grass,1995,8,Southern Africa,59.79985526
Beef cattle,grass,1995,2,USA,16.76136105
Beef cattle,grass,1995,6,Western Africa,74.13021355
Beef cattle,grass,2030,1,Canada,21.72185507
Beef cattle,grass,2030,3,Central America,26.59021762
Beef cattle,grass,2030,14,East asia,25.84948177
Beef cattle,grass,2030,7,Eastern Africa,53.70255049
Beef cattle,grass,2030,10,Eastern Europe,11.78664571
Beef cattle,grass,2030,11,Former USSR,11.0621211
Beef cattle,grass,2030,17,Japan,7.354204743
Beef cattle,grass,2030,12,Middle East,12.74038691
Beef cattle,grass,2030,5,Northern Africa,4.750977569
Beef cattle,grass,2030,16,Oceania,25.46988569
Beef cattle,grass,2030,9,OECD Europe,7.356936788
Beef cattle,grass,2030,4,South America,41.34565342
Beef cattle,grass,2030,13,South Asia,31.42258745
Beef cattle,grass,2030,15,South East Asia,32.22131726
Beef cattle,grass,2030,8,Southern Africa,48.86505135
Beef cattle,grass,2030,2,USA,15.00104099
Beef cattle,grass,2030,6,Western Africa,42.58053472
Beef cattle,residues,1970,1,Canada,0.484851332
Beef cattle,residues,1970,3,Central America,7.542401663
Beef cattle,residues,1970,14,East asia,53.07529316
Beef cattle,residues,1970,7,Eastern Africa,5.098457449
Beef cattle,residues,1970,10,Eastern Europe,4.284336101
Beef cattle,residues,1970,11,Former USSR,5.114902758
Beef cattle,residues,1970,17,Japan,4.008568602
Beef cattle,residues,1970,12,Middle East,28.66202784
Beef cattle,residues,1970,5,Northern Africa,12.34953772
Beef cattle,residues,1970,16,Oceania,9.84761633
Beef cattle,residues,1970,9,OECD Europe,8.76239327
Beef cattle,residues,1970,4,South America,5.891576831
Beef cattle,residues,1970,13,South Asia,25.91041054
Beef cattle,residues,1970,15,South East Asia,27.25868412
Beef cattle,residues,1970,8,Southern Africa,5.133665974
Beef cattle,residues,1970,2,USA,3.248791888
Beef cattle,residues,1970,6,Western Africa,12.8764108
Beef cattle,residues,1995,1,Canada,0.600970703
Beef cattle,residues,1995,3,Central America,5.75883475
Beef cattle,residues,1995,14,East asia,10.54298719
Beef cattle,residues,1995,7,Eastern Africa,10.91062086
Beef cattle,residues,1995,10,Eastern Europe,3.505900957
Beef cattle,residues,1995,11,Former USSR,4.655951708
Beef cattle,residues,1995,17,Japan,2.875114776
Beef cattle,residues,1995,12,Middle East,14.54204117
Beef cattle,residues,1995,5,Northern Africa,5.679717174
Beef cattle,residues,1995,16,Oceania,7.50020979
Beef cattle,residues,1995,9,OECD Europe,9.060432432
Beef cattle,residues,1995,4,South America,7.176227245
Beef cattle,residues,1995,13,South Asia,24.40253953
Beef cattle,residues,1995,15,South East Asia,19.63423169
Beef cattle,residues,1995,8,Southern Africa,5.648605243
Beef cattle,residues,1995,2,USA,2.762514113
Beef cattle,residues,1995,6,Western Africa,19.02724408
Beef cattle,residues,2030,1,Canada,0.55321566
Beef cattle,residues,2030,3,Central America,4.779982382
Beef cattle,residues,2030,14,East asia,9.242598589
Beef cattle,residues,2030,7,Eastern Africa,8.031283278
Beef cattle,residues,2030,10,Eastern Europe,3.665136386
Beef cattle,residues,2030,11,Former USSR,4.060465808
Beef cattle,residues,2030,17,Japan,1.808404859
Beef cattle,residues,2030,12,Middle East,12.75180396
Beef cattle,residues,2030,5,Northern Africa,5.704554768
Beef cattle,residues,2030,16,Oceania,6.951722692
Beef cattle,residues,2030,9,OECD Europe,5.540303087
Beef cattle,residues,2030,4,South America,7.768431955
Beef cattle,residues,2030,13,South Asia,16.4800857
Beef cattle,residues,2030,15,South East Asia,14.30302627
Beef cattle,residues,2030,8,Southern Africa,4.615719956
Beef cattle,residues,2030,2,USA,2.56018584
Beef cattle,residues,2030,6,Western Africa,12.74764234
Beef cattle,scavenging,1970,1,Canada,0
Beef cattle,scavenging,1970,3,Central America,3.627914499
Beef cattle,scavenging,1970,14,East asia,18.69648187
Beef cattle,scavenging,1970,7,Eastern Africa,6.755978823
Beef cattle,scavenging,1970,10,Eastern Europe,0
Beef cattle,scavenging,1970,11,Former USSR,0
Beef cattle,scavenging,1970,17,Japan,0
Beef cattle,scavenging,1970,12,Middle East,3.98493938
Beef cattle,scavenging,1970,5,Northern Africa,1.467181751
Beef cattle,scavenging,1970,16,Oceania,0
Beef cattle,scavenging,1970,9,OECD Europe,0
Beef cattle,scavenging,1970,4,South America,3.230294862
Beef cattle,scavenging,1970,13,South Asia,75.28135987
Beef cattle,scavenging,1970,15,South East Asia,16.98708441
Beef cattle,scavenging,1970,8,Southern Africa,4.469738305
Beef cattle,scavenging,1970,2,USA,0
Beef cattle,scavenging,1970,6,Western Africa,5.810796631
Beef cattle,scavenging,1995,1,Canada,0
Beef cattle,scavenging,1995,3,Central America,2.539179729
Beef cattle,scavenging,1995,14,East asia,3.078989595
Beef cattle,scavenging,1995,7,Eastern Africa,5.783076485
Beef cattle,scavenging,1995,10,Eastern Europe,0
Beef cattle,scavenging,1995,11,Former USSR,0
Beef cattle,scavenging,1995,17,Japan,0
Beef cattle,scavenging,1995,12,Middle East,1.955156181
Beef cattle,scavenging,1995,5,Northern Africa,0.667286513
Beef cattle,scavenging,1995,16,Oceania,0
Beef cattle,scavenging,1995,9,OECD Europe,0
Beef cattle,scavenging,1995,4,South America,3.219264259
Beef cattle,scavenging,1995,13,South Asia,47.92336344
Beef cattle,scavenging,1995,15,South East Asia,11.45972881
Beef cattle,scavenging,1995,8,Southern Africa,3.613284306
Beef cattle,scavenging,1995,2,USA,0
Beef cattle,scavenging,1995,6,Western Africa,5.008798213
Beef cattle,scavenging,2030,1,Canada,0
Beef cattle,scavenging,2030,3,Central America,1.732261735
Beef cattle,scavenging,2030,14,East asia,2.184472127
Beef cattle,scavenging,2030,7,Eastern Africa,3.274545761
Beef cattle,scavenging,2030,10,Eastern Europe,0
Beef cattle,scavenging,2030,11,Former USSR,0
Beef cattle,scavenging,2030,17,Japan,0
Beef cattle,scavenging,2030,12,Middle East,1.655910814
Beef cattle,scavenging,2030,5,Northern Africa,0.66952897
Beef cattle,scavenging,2030,16,Oceania,0
Beef cattle,scavenging,2030,9,OECD Europe,0
Beef cattle,scavenging,2030,4,South America,2.680484497
Beef cattle,scavenging,2030,13,South Asia,25.4373327
Beef cattle,scavenging,2030,15,South East Asia,7.547335575
Beef cattle,scavenging,2030,8,Southern Africa,2.952571079
Beef cattle,scavenging,2030,2,USA,0
Beef cattle,scavenging,2030,6,Western Africa,2.982874586
Dairy cattle,animal_products,1970,1,Canada,0.000757001
Dairy cattle,animal_products,1970,3,Central America,0.001390594
Dairy cattle,animal_products,1970,14,East asia,0.000794575
Dairy cattle,animal_products,1970,7,Eastern Africa,0.000618494
Dairy cattle,animal_products,1970,10,Eastern Europe,0.003352145
Dairy cattle,animal_products,1970,11,Former USSR,0.005748141
Dairy cattle,animal_products,1970,17,Japan,0.003012223
Dairy cattle,animal_products,1970,12,Middle East,0.003354773
Dairy cattle,animal_products,1970,5,Northern Africa,0.005514828
Dairy cattle,animal_products,1970,16,Oceania,0.000743348
Dairy cattle,animal_products,1970,9,OECD Europe,0.003205217
Dairy cattle,animal_products,1970,4,South America,0.002060748
Dairy cattle,animal_products,1970,13,South Asia,0.003796517
Dairy cattle,animal_products,1970,15,South East Asia,0.001727164
Dairy cattle,animal_products,1970,8,Southern Africa,0.000576552
Dairy cattle,animal_products,1970,2,USA,0.001672732
Dairy cattle,animal_products,1970,6,Western Africa,0.000271494
Dairy cattle,animal_products,1995,1,Canada,0.000632191
Dairy cattle,animal_products,1995,3,Central America,0.001397001
Dairy cattle,animal_products,1995,14,East asia,0.000583453
Dairy cattle,animal_products,1995,7,Eastern Africa,0.00071545
Dairy cattle,animal_products,1995,10,Eastern Europe,0.003099843
Dairy cattle,animal_products,1995,11,Former USSR,0.005680215
Dairy cattle,animal_products,1995,17,Japan,0.002967202
Dairy cattle,animal_products,1995,12,Middle East,0.003549759
Dairy cattle,animal_products,1995,5,Northern Africa,0.005123248
Dairy cattle,animal_products,1995,16,Oceania,0.000692583
Dairy cattle,animal_products,1995,9,OECD Europe,0.002827595
Dairy cattle,animal_products,1995,4,South America,0.001930716
Dairy cattle,animal_products,1995,13,South Asia,0.002998998
Dairy cattle,animal_products,1995,15,South East Asia,0.001251437
Dairy cattle,animal_products,1995,8,Southern Africa,0.001244872
Dairy cattle,animal_products,1995,2,USA,0.001408197
Dairy cattle,animal_products,1995,6,Western Africa,0.000258664
Dairy cattle,animal_products,2030,1,Canada,0.000636152
Dairy cattle,animal_products,2030,3,Central America,0.001317753
Dairy cattle,animal_products,2030,14,East asia,0.000517677
Dairy cattle,animal_products,2030,7,Eastern Africa,0.000679852
Dairy cattle,animal_products,2030,10,Eastern Europe,0.002942692
Dairy cattle,animal_products,2030,11,Former USSR,0.004946363
Dairy cattle,animal_products,2030,17,Japan,0.002957149
Dairy cattle,animal_products,2030,12,Middle East,0.003151098
Dairy cattle,animal_products,2030,5,Northern Africa,0.00419966
Dairy cattle,animal_products,2030,16,Oceania,0.000671809
Dairy cattle,animal_products,2030,9,OECD Europe,0.003039408
Dairy cattle,animal_products,2030,4,South America,0.002147572
Dairy cattle,animal_products,2030,13,South Asia,0.003590242
Dairy cattle,animal_products,2030,15,South East Asia,0.000699157
Dairy cattle,animal_products,2030,8,Southern Africa,0.001940585
Dairy cattle,animal_products,2030,2,USA,0.001369152
Dairy cattle,animal_products,2030,6,Western Africa,0.000240146
Dairy cattle,feed_crops,1970,1,Canada,0.693949761
Dairy cattle,feed_crops,1970,3,Central America,0.260243769
Dairy cattle,feed_crops,1970,14,East asia,0.602626443
Dairy cattle,feed_crops,1970,7,Eastern Africa,0.034258809
Dairy cattle,feed_crops,1970,10,Eastern Europe,0.423283542
Dairy cattle,feed_crops,1970,11,Former USSR,0.32948148
Dairy cattle,feed_crops,1970,17,Japan,0.513184869
Dairy cattle,feed_crops,1970,12,Middle East,0.334316427
Dairy cattle,feed_crops,1970,5,Northern Africa,0.533385929
Dairy cattle,feed_crops,1970,16,Oceania,0.046069705
Dairy cattle,feed_crops,1970,9,OECD Europe,0.179246782
Dairy cattle,feed_crops,1970,4,South America,0.212715245
Dairy cattle,feed_crops,1970,13,South Asia,0.067776831
Dairy cattle,feed_crops,1970,15,South East Asia,0.519932565
Dairy cattle,feed_crops,1970,8,Southern Africa,0.118951696
Dairy cattle,feed_crops,1970,2,USA,0.47216636
Dairy cattle,feed_crops,1970,6,Western Africa,0.117998625
Dairy cattle,feed_crops,1995,1,Canada,0.579534882
Dairy cattle,feed_crops,1995,3,Central America,0.26144287
Dairy cattle,feed_crops,1995,14,East asia,0.442506252
Dairy cattle,feed_crops,1995,7,Eastern Africa,0.03962924
Dairy cattle,feed_crops,1995,10,Eastern Europe,0.391424771
Dairy cattle,feed_crops,1995,11,Former USSR,0.325587987
Dairy cattle,feed_crops,1995,17,Japan,0.505514778
Dairy cattle,feed_crops,1995,12,Middle East,0.353747603
Dairy cattle,feed_crops,1995,5,Northern Africa,0.495512923
Dairy cattle,feed_crops,1995,16,Oceania,0.042923481
Dairy cattle,feed_crops,1995,9,OECD Europe,0.158128831
Dairy cattle,feed_crops,1995,4,South America,0.199293033
Dairy cattle,feed_crops,1995,13,South Asia,0.053539234
Dairy cattle,feed_crops,1995,15,South East Asia,0.376723245
Dairy cattle,feed_crops,1995,8,Southern Africa,0.253549374
Dairy cattle,feed_crops,1995,2,USA,0.397495333
Dairy cattle,feed_crops,1995,6,Western Africa,0.112422637
Dairy cattle,feed_crops,2030,1,Canada,0.583166249
Dairy cattle,feed_crops,2030,3,Central America,0.246611802
Dairy cattle,feed_crops,2030,14,East asia,0.39261995
Dairy cattle,feed_crops,2030,7,Eastern Africa,0.037657453
Dairy cattle,feed_crops,2030,10,Eastern Europe,0.371580938
Dairy cattle,feed_crops,2030,11,Former USSR,0.283523795
Dairy cattle,feed_crops,2030,17,Japan,0.503801944
Dairy cattle,feed_crops,2030,12,Middle East,0.314019456
Dairy cattle,feed_crops,2030,5,Northern Africa,0.406184837
Dairy cattle,feed_crops,2030,16,Oceania,0.041636004
Dairy cattle,feed_crops,2030,9,OECD Europe,0.169974163
Dairy cattle,feed_crops,2030,4,South America,0.221677338
Dairy cattle,feed_crops,2030,13,South Asia,0.064094344
Dairy cattle,feed_crops,2030,15,South East Asia,0.21046912
Dairy cattle,feed_crops,2030,8,Southern Africa,0.392942847
Dairy cattle,feed_crops,2030,2,USA,0.386474069
Dairy cattle,feed_crops,2030,6,Western Africa,0.104374135
Dairy cattle,grass,1970,1,Canada,0.543144907
Dairy cattle,grass,1970,3,Central America,1.474354241
Dairy cattle,grass,1970,14,East asia,1.364378416
Dairy cattle,grass,1970,7,Eastern Africa,3.281984952
Dairy cattle,grass,1970,10,Eastern Europe,0.533063101
Dairy cattle,grass,1970,11,Former USSR,0.745933533
Dairy cattle,grass,1970,17,Japan,0.350515326
Dairy cattle,grass,1970,12,Middle East,0.215017443
Dairy cattle,grass,1970,5,Northern Africa,0.384959941
Dairy cattle,grass,1970,16,Oceania,0.782052468
Dairy cattle,grass,1970,9,OECD Europe,0.492591628
Dairy cattle,grass,1970,4,South America,1.559227832
Dairy cattle,grass,1970,13,South Asia,0.661946868
Dairy cattle,grass,1970,15,South East Asia,2.438134334
Dairy cattle,grass,1970,8,Southern Africa,3.197328557
Dairy cattle,grass,1970,2,USA,0.49850481
Dairy cattle,grass,1970,6,Western Africa,4.232273129
Dairy cattle,grass,1995,1,Canada,0.453593959
Dairy cattle,grass,1995,3,Central America,1.481147487
Dairy cattle,grass,1995,14,East asia,0.98593051
Dairy cattle,grass,1995,7,Eastern Africa,2.756091836
Dairy cattle,grass,1995,10,Eastern Europe,0.492941684
Dairy cattle,grass,1995,11,Former USSR,0.737118813
Dairy cattle,grass,1995,17,Japan,0.345276503
Dairy cattle,grass,1995,12,Middle East,0.262644898
Dairy cattle,grass,1995,5,Northern Africa,0.394915799
Dairy cattle,grass,1995,16,Oceania,0.754788644
Dairy cattle,grass,1995,9,OECD Europe,0.434556969
Dairy cattle,grass,1995,4,South America,1.460841442
Dairy cattle,grass,1995,13,South Asia,0.521150244
Dairy cattle,grass,1995,15,South East Asia,1.758056038
Dairy cattle,grass,1995,8,Southern Africa,3.288840554
Dairy cattle,grass,1995,2,USA,0.421534384
Dairy cattle,grass,1995,6,Western Africa,3.800643379
Dairy cattle,grass,2030,1,Canada,0.448658051
Dairy cattle,grass,2030,3,Central America,1.255171401
Dairy cattle,grass,2030,14,East asia,0.871097038
Dairy cattle,grass,2030,7,Eastern Africa,2.179576065
Dairy cattle,grass,2030,10,Eastern Europe,0.467951308
Dairy cattle,grass,2030,11,Former USSR,0.641887083
Dairy cattle,grass,2030,17,Japan,0.344106604
Dairy cattle,grass,2030,12,Middle East,0.21677783
Dairy cattle,grass,2030,5,Northern Africa,0.301236092
Dairy cattle,grass,2030,16,Oceania,0.719578353
Dairy cattle,grass,2030,9,OECD Europe,0.46710936
Dairy cattle,grass,2030,4,South America,1.389165421
Dairy cattle,grass,2030,13,South Asia,0.62007447
Dairy cattle,grass,2030,15,South East Asia,0.974334249
Dairy cattle,grass,2030,8,Southern Africa,2.5910488
Dairy cattle,grass,2030,2,USA,0.4013631
Dairy cattle,grass,2030,6,Western Africa,2.687892098
Dairy cattle,residues,1970,1,Canada,0.034150455
Dairy cattle,residues,1970,3,Central America,0.810623266
Dairy cattle,residues,1970,14,East asia,0.869682498
Dairy cattle,residues,1970,7,Eastern Africa,0.580494875
Dairy cattle,residues,1970,10,Eastern Europe,0.372958964
Dairy cattle,residues,1970,11,Former USSR,0.410703912
Dairy cattle,residues,1970,17,Japan,0.301672001
Dairy cattle,residues,1970,12,Middle East,0.721245277
Dairy cattle,residues,1970,5,Northern Africa,1.356947401
Dairy cattle,residues,1970,16,Oceania,0.450129736
Dairy cattle,residues,1970,9,OECD Europe,0.556435442
Dairy cattle,residues,1970,4,South America,0.919207885
Dairy cattle,residues,1970,13,South Asia,0.799316962
Dairy cattle,residues,1970,15,South East Asia,1.872467736
Dairy cattle,residues,1970,8,Southern Africa,0.210730419
Dairy cattle,residues,1970,2,USA,0.206385987
Dairy cattle,residues,1970,6,Western Africa,1.119741749
Dairy cattle,residues,1995,1,Canada,0.028519903
Dairy cattle,residues,1995,3,Central America,0.8143583
Dairy cattle,residues,1995,14,East asia,0.638604475
Dairy cattle,residues,1995,7,Eastern Africa,0.671493599
Dairy cattle,residues,1995,10,Eastern Europe,0.344887913
Dairy cattle,residues,1995,11,Former USSR,0.405850611
Dairy cattle,residues,1995,17,Japan,0.297163194
Dairy cattle,residues,1995,12,Middle East,0.763165573
Dairy cattle,residues,1995,5,Northern Africa,1.260597509
Dairy cattle,residues,1995,16,Oceania,0.419389167
Dairy cattle,residues,1995,9,OECD Europe,0.490879028
Dairy cattle,residues,1995,4,South America,0.86120639
Dairy cattle,residues,1995,13,South Asia,0.631407774
Dairy cattle,residues,1995,15,South East Asia,1.356718485
Dairy cattle,residues,1995,8,Southern Africa,0.449206767
Dairy cattle,residues,1995,2,USA,0.173746954
Dairy cattle,residues,1995,6,Western Africa,1.066828712
Dairy cattle,residues,2030,1,Canada,0.028698609
Dairy cattle,residues,2030,3,Central America,0.768161579
Dairy cattle,residues,2030,14,East asia,0.566610879
Dairy cattle,residues,2030,7,Eastern Africa,0.638082853
Dairy cattle,residues,2030,10,Eastern Europe,0.327403332
Dairy cattle,residues,2030,11,Former USSR,0.353416926
Dairy cattle,residues,2030,17,Japan,0.296156317
Dairy cattle,residues,2030,12,Middle East,0.677457136
Dairy cattle,residues,2030,5,Northern Africa,1.03334458
Dairy cattle,residues,2030,16,Oceania,0.40680971
Dairy cattle,residues,2030,9,OECD Europe,0.527650469
Dairy cattle,residues,2030,4,South America,0.957935843
Dairy cattle,residues,2030,13,South Asia,0.755888047
Dairy cattle,residues,2030,15,South East Asia,0.757976442
Dairy cattle,residues,2030,8,Southern Africa,0.696186482
Dairy cattle,residues,2030,2,USA,0.168929511
Dairy cattle,residues,2030,6,Western Africa,0.99045287
Dairy cattle,scavenging,1970,1,Canada,0
Dairy cattle,scavenging,1970,3,Central America,0.134032204
Dairy cattle,scavenging,1970,14,East asia,0.149341154
Dairy cattle,scavenging,1970,7,Eastern Africa,0.205124059
Dairy cattle,scavenging,1970,10,Eastern Europe,0
Dairy cattle,scavenging,1970,11,Former USSR,0
Dairy cattle,scavenging,1970,17,Japan,0
Dairy cattle,scavenging,1970,12,Middle East,0.067049154
Dairy cattle,scavenging,1970,5,Northern Africa,0.120042532
Dairy cattle,scavenging,1970,16,Oceania,0
Dairy cattle,scavenging,1970,9,OECD Europe,0
Dairy cattle,scavenging,1970,4,South America,0.141747985
Dairy cattle,scavenging,1970,13,South Asia,0.661946868
Dairy cattle,scavenging,1970,15,South East Asia,0.561366239
Dairy cattle,scavenging,1970,8,Southern Africa,0.185662486
Dairy cattle,scavenging,1970,2,USA,0
Dairy cattle,scavenging,1970,6,Western Africa,0.287909737
Dairy cattle,scavenging,1995,1,Canada,0
Dairy cattle,scavenging,1995,3,Central America,0.134649772
Dairy cattle,scavenging,1995,14,East asia,0.108822352
Dairy cattle,scavenging,1995,7,Eastern Africa,0.182522638
Dairy cattle,scavenging,1995,10,Eastern Europe,0
Dairy cattle,scavenging,1995,11,Former USSR,0
Dairy cattle,scavenging,1995,17,Japan,0
Dairy cattle,scavenging,1995,12,Middle East,0.072795149
Dairy cattle,scavenging,1995,5,Northern Africa,0.113481552
Dairy cattle,scavenging,1995,16,Oceania,0
Dairy cattle,scavenging,1995,9,OECD Europe,0
Dairy cattle,scavenging,1995,4,South America,0.132803767
Dairy cattle,scavenging,1995,13,South Asia,0.521150244
Dairy cattle,scavenging,1995,15,South East Asia,0.401062618
Dairy cattle,scavenging,1995,8,Southern Africa,0.210149556
Dairy cattle,scavenging,1995,2,USA,0
Dairy cattle,scavenging,1995,6,Western Africa,0.262113336
Dairy cattle,scavenging,2030,1,Canada,0
Dairy cattle,scavenging,2030,3,Central America,0.119540133
Dairy cattle,scavenging,2030,14,East asia,0.096360292
Dairy cattle,scavenging,2030,7,Eastern Africa,0.150315591
Dairy cattle,scavenging,2030,10,Eastern Europe,0
Dairy cattle,scavenging,2030,11,Former USSR,0
Dairy cattle,scavenging,2030,17,Japan,0
Dairy cattle,scavenging,2030,12,Middle East,0.063758185
Dairy cattle,scavenging,2030,5,Northern Africa,0.091840272
Dairy cattle,scavenging,2030,16,Oceania,0
Dairy cattle,scavenging,2030,9,OECD Europe,0
Dairy cattle,scavenging,2030,4,South America,0.135311904
Dairy cattle,scavenging,2030,13,South Asia,0.62007447
Dairy cattle,scavenging,2030,15,South East Asia,0.21882518
Dairy cattle,scavenging,2030,8,Southern Africa,0.193795722
Dairy cattle,scavenging,2030,2,USA,0
Dairy cattle,scavenging,2030,6,Western Africa,0.199103118
Pigs,animal_products,1970,1,Canada,0.006228444
Pigs,animal_products,1970,3,Central America,0.01236519
Pigs,animal_products,1970,14,East asia,0.00343813
Pigs,animal_products,1970,7,Eastern Africa,0.009281819
Pigs,animal_products,1970,10,Eastern Europe,0.043401793
Pigs,animal_products,1970,11,Former USSR,0.086970493
Pigs,animal_products,1970,17,Japan,0.016402815
Pigs,animal_products,1970,12,Middle East,0.036558616
Pigs,animal_products,1970,5,Northern Africa,0
Pigs,animal_products,1970,16,Oceania,0.05479215
Pigs,animal_products,1970,9,OECD Europe,0.071445443
Pigs,animal_products,1970,4,South America,0.022251469
Pigs,animal_products,1970,13,South Asia,0.009072455
Pigs,animal_products,1970,15,South East Asia,0.001747735
Pigs,animal_products,1970,8,Southern Africa,0.005914885
Pigs,animal_products,1970,2,USA,0.018814141
Pigs,animal_products,1970,6,Western Africa,0.00283248
Pigs,animal_products,1995,1,Canada,0.004842615
Pigs,animal_products,1995,3,Central America,0.010247652
Pigs,animal_products,1995,14,East asia,0.002178524
Pigs,animal_products,1995,7,Eastern Africa,0.007692308
Pigs,animal_products,1995,10,Eastern Europe,0.03375695
Pigs,animal_products,1995,11,Former USSR,0.071122536
Pigs,animal_products,1995,17,Japan,0.012753188
Pigs,animal_products,1995,12,Middle East,0.03030303
Pigs,animal_products,1995,5,Northern Africa,0
Pigs,animal_products,1995,16,Oceania,0.042600897
Pigs,animal_products,1995,9,OECD Europe,0.055548832
Pigs,animal_products,1995,4,South America,0.018440905
Pigs,animal_products,1995,13,South Asia,0.007518797
Pigs,animal_products,1995,15,South East Asia,0.001448436
Pigs,animal_products,1995,8,Southern Africa,0.004901961
Pigs,animal_products,1995,2,USA,0.014627995
Pigs,animal_products,1995,6,Western Africa,0.002347418
Pigs,animal_products,2030,1,Canada,0.004842615
Pigs,animal_products,2030,3,Central America,0.010000348
Pigs,animal_products,2030,14,East asia,0.002031622
Pigs,animal_products,2030,7,Eastern Africa,0.007611092
Pigs,animal_products,2030,10,Eastern Europe,0.031731533
Pigs,animal_products,2030,11,Former USSR,0.067063913
Pigs,animal_products,2030,17,Japan,0.012753188
Pigs,animal_products,2030,12,Middle East,0.028271996
Pigs,animal_products,2030,5,Northern Africa,0
Pigs,animal_products,2030,16,Oceania,0.042600897
Pigs,animal_products,2030,9,OECD Europe,0.055548832
Pigs,animal_products,2030,4,South America,0.017912433
Pigs,animal_products,2030,13,South Asia,0.007337348
Pigs,animal_products,2030,15,South East Asia,0.001406927
Pigs,animal_products,2030,8,Southern Africa,0.004850206
Pigs,animal_products,2030,2,USA,0.014627995
Pigs,animal_products,2030,6,Western Africa,0.002322634
Pigs,feed_crops,1970,1,Canada,4.793771556
Pigs,feed_crops,1970,3,Central America,4.78763481
Pigs,feed_crops,1970,14,East asia,3.84656187
Pigs,feed_crops,1970,7,Eastern Africa,3.190718181
Pigs,feed_crops,1970,10,Eastern Europe,6.256598207
Pigs,feed_crops,1970,11,Former USSR,6.213029507
Pigs,feed_crops,1970,17,Japan,4.783597185
Pigs,feed_crops,1970,12,Middle East,4.463441384
Pigs,feed_crops,1970,5,Northern Africa,4.5
Pigs,feed_crops,1970,16,Oceania,4.74520785
Pigs,feed_crops,1970,9,OECD Europe,4.728554557
Pigs,feed_crops,1970,4,South America,4.777748531
Pigs,feed_crops,1970,13,South Asia,3.190927545
Pigs,feed_crops,1970,15,South East Asia,3.198252265
Pigs,feed_crops,1970,8,Southern Africa,3.994085115
Pigs,feed_crops,1970,2,USA,4.781185859
Pigs,feed_crops,1970,6,Western Africa,3.99716752
Pigs,feed_crops,1995,1,Canada,3.727157385
Pigs,feed_crops,1995,3,Central America,3.967752348
Pigs,feed_crops,1995,14,East asia,2.437321476
Pigs,feed_crops,1995,7,Eastern Africa,2.644307692
Pigs,feed_crops,1995,10,Eastern Europe,4.86624305
Pigs,feed_crops,1995,11,Former USSR,5.080877464
Pigs,feed_crops,1995,17,Japan,3.719246812
Pigs,feed_crops,1995,12,Middle East,3.69969697
Pigs,feed_crops,1995,5,Northern Africa,3.758
Pigs,feed_crops,1995,16,Oceania,3.689399103
Pigs,feed_crops,1995,9,OECD Europe,3.676451168
Pigs,feed_crops,1995,4,South America,3.959559095
Pigs,feed_crops,1995,13,South Asia,2.644481203
Pigs,feed_crops,1995,15,South East Asia,2.650551564
Pigs,feed_crops,1995,8,Southern Africa,3.310098039
Pigs,feed_crops,1995,2,USA,3.717372005
Pigs,feed_crops,1995,6,Western Africa,3.312652582
Pigs,feed_crops,2030,1,Canada,3.727157385
Pigs,feed_crops,2030,3,Central America,3.871999652
Pigs,feed_crops,2030,14,East asia,2.272968378
Pigs,feed_crops,2030,7,Eastern Africa,2.616388908
Pigs,feed_crops,2030,10,Eastern Europe,4.574268467
Pigs,feed_crops,2030,11,Former USSR,4.790936087
Pigs,feed_crops,2030,17,Japan,3.719246812
Pigs,feed_crops,2030,12,Middle East,3.451728004
Pigs,feed_crops,2030,5,Northern Africa,3.758
Pigs,feed_crops,2030,16,Oceania,3.689399103
Pigs,feed_crops,2030,9,OECD Europe,3.676451168
Pigs,feed_crops,2030,4,South America,3.846087567
Pigs,feed_crops,2030,13,South Asia,2.580662652
Pigs,feed_crops,2030,15,South East Asia,2.574593073
Pigs,feed_crops,2030,8,Southern Africa,3.275149794
Pigs,feed_crops,2030,2,USA,3.717372005
Pigs,feed_crops,2030,6,Western Africa,3.277677366
Pigs,residues,1970,1,Canada,3.2
Pigs,residues,1970,3,Central America,3.2
Pigs,residues,1970,14,East asia,7.15
Pigs,residues,1970,7,Eastern Africa,4.8
Pigs,residues,1970,10,Eastern Europe,2.7
Pigs,residues,1970,11,Former USSR,2.7
Pigs,residues,1970,17,Japan,3.2
Pigs,residues,1970,12,Middle East,4.5
Pigs,residues,1970,5,Northern Africa,4.5
Pigs,residues,1970,16,Oceania,3.2
Pigs,residues,1970,9,OECD Europe,3.2
Pigs,residues,1970,4,South America,3.2
Pigs,residues,1970,13,South Asia,4.8
Pigs,residues,1970,15,South East Asia,4.8
Pigs,residues,1970,8,Southern Africa,4
Pigs,residues,1970,2,USA,3.2
Pigs,residues,1970,6,Western Africa,4
Pigs,residues,1995,1,Canada,2.488
Pigs,residues,1995,3,Central America,2.652
Pigs,residues,1995,14,East asia,4.5305
Pigs,residues,1995,7,Eastern Africa,3.978
Pigs,residues,1995,10,Eastern Europe,2.1
Pigs,residues,1995,11,Former USSR,2.208
Pigs,residues,1995,17,Japan,2.488
Pigs,residues,1995,12,Middle East,3.73
Pigs,residues,1995,5,Northern Africa,3.758
Pigs,residues,1995,16,Oceania,2.488
Pigs,residues,1995,9,OECD Europe,2.488
Pigs,residues,1995,4,South America,2.652
Pigs,residues,1995,13,South Asia,3.978
Pigs,residues,1995,15,South East Asia,3.978
Pigs,residues,1995,8,Southern Africa,3.315
Pigs,residues,1995,2,USA,2.488
Pigs,residues,1995,6,Western Africa,3.315
Pigs,residues,2030,1,Canada,2.488
Pigs,residues,2030,3,Central America,2.588
Pigs,residues,2030,14,East asia,4.225
Pigs,residues,2030,7,Eastern Africa,3.936
Pigs,residues,2030,10,Eastern Europe,1.974
Pigs,residues,2030,11,Former USSR,2.082
Pigs,residues,2030,17,Japan,2.488
Pigs,residues,2030,12,Middle East,3.48
Pigs,residues,2030,5,Northern Africa,3.758
Pigs,residues,2030,16,Oceania,2.488
Pigs,residues,2030,9,OECD Europe,2.488
Pigs,residues,2030,4,South America,2.576
Pigs,residues,2030,13,South Asia,3.882
Pigs,residues,2030,15,South East Asia,3.864
Pigs,residues,2030,8,Southern Africa,3.28
Pigs,residues,2030,2,USA,2.488
Pigs,residues,2030,6,Western Africa,3.28
Poultry,animal_products,1970,1,Canada,0.003207416
Poultry,animal_products,1970,3,Central America,0.007641755
Poultry,animal_products,1970,14,East asia,0.001702892
Poultry,animal_products,1970,7,Eastern Africa,0.009472388
Poultry,animal_products,1970,10,Eastern Europe,0.024127675
Poultry,animal_products,1970,11,Former USSR,0.04828674
Poultry,animal_products,1970,17,Japan,0.008399776
Poultry,animal_products,1970,12,Middle East,0.021420345
Poultry,animal_products,1970,5,Northern Africa,0.01745514
Poultry,animal_products,1970,16,Oceania,0.02672977
Poultry,animal_products,1970,9,OECD Europe,0.035721667
Poultry,animal_products,1970,4,South America,0.013821206
Poultry,animal_products,1970,13,South Asia,0.004976907
Poultry,animal_products,1970,15,South East Asia,0.001046559
Poultry,animal_products,1970,8,Southern Africa,0.004995779
Poultry,animal_products,1970,2,USA,0.009356804
Poultry,animal_products,1970,6,Western Africa,0.002340561
Poultry,animal_products,1995,1,Canada,0.002493766
Poultry,animal_products,1995,3,Central America,0.006327373
Poultry,animal_products,1995,14,East asia,0.001077466
Poultry,animal_products,1995,7,Eastern Africa,0.007843137
Poultry,animal_products,1995,10,Eastern Europe,0.018771331
Poultry,animal_products,1995,11,Former USSR,0.037567084
Poultry,animal_products,1995,17,Japan,0.006530825
Poultry,animal_products,1995,12,Middle East,0.017736046
Poultry,animal_products,1995,5,Northern Africa,0.014452856
Poultry,animal_products,1995,16,Oceania,0.020782396
Poultry,animal_products,1995,9,OECD Europe,0.027773596
Poultry,animal_products,1995,4,South America,0.011443958
Poultry,animal_products,1995,13,South Asia,0.004120879
Poultry,animal_products,1995,15,South East Asia,0.000866551
Poultry,animal_products,1995,8,Southern Africa,0.004136505
Poultry,animal_products,1995,2,USA,0.007274915
Poultry,animal_products,1995,6,Western Africa,0.001937984
Poultry,animal_products,2030,1,Canada,0.002493766
Poultry,animal_products,2030,3,Central America,0.005700749
Poultry,animal_products,2030,14,East asia,0.001006254
Poultry,animal_products,2030,7,Eastern Africa,0.007483187
Poultry,animal_products,2030,10,Eastern Europe,0.016744606
Poultry,animal_products,2030,11,Former USSR,0.034766453
Poultry,animal_products,2030,17,Japan,0.006530825
Poultry,animal_products,2030,12,Middle East,0.015979578
Poultry,animal_products,2030,5,Northern Africa,0.013300817
Poultry,animal_products,2030,16,Oceania,0.020782396
Poultry,animal_products,2030,9,OECD Europe,0.027773596
Poultry,animal_products,2030,4,South America,0.01008948
Poultry,animal_products,2030,13,South Asia,0.003712773
Poultry,animal_products,2030,15,South East Asia,0.000768175
Poultry,animal_products,2030,8,Southern Africa,0.003956657
Poultry,animal_products,2030,2,USA,0.007274915
Poultry,animal_products,2030,6,Western Africa,0.001858405
Poultry,feed_crops,1970,1,Canada,2.996792584
Poultry,feed_crops,1970,3,Central America,2.842358245
Poultry,feed_crops,1970,14,East asia,2.308297108
Poultry,feed_crops,1970,7,Eastern Africa,1.990527612
Poultry,feed_crops,1970,10,Eastern Europe,3.725872325
Poultry,feed_crops,1970,11,Former USSR,3.70171326
Poultry,feed_crops,1970,17,Japan,2.991600224
Poultry,feed_crops,1970,12,Middle East,4.028579655
Poultry,feed_crops,1970,5,Northern Africa,3.93254486
Poultry,feed_crops,1970,16,Oceania,2.57327023
Poultry,feed_crops,1970,9,OECD Europe,2.964278333
Poultry,feed_crops,1970,4,South America,2.936178794
Poultry,feed_crops,1970,13,South Asia,2.495023093
Poultry,feed_crops,1970,15,South East Asia,1.748953441
Poultry,feed_crops,1970,8,Southern Africa,2.495004221
Poultry,feed_crops,1970,2,USA,2.990643196
Poultry,feed_crops,1970,6,Western Africa,2.497659439
Poultry,feed_crops,1995,1,Canada,2.330006234
Poultry,feed_crops,1995,3,Central America,2.353472627
Poultry,feed_crops,1995,14,East asia,1.460522534
Poultry,feed_crops,1995,7,Eastern Africa,1.648156863
Poultry,feed_crops,1995,10,Eastern Europe,2.898728669
Poultry,feed_crops,1995,11,Former USSR,2.879932916
Poultry,feed_crops,1995,17,Japan,2.325969175
Poultry,feed_crops,1995,12,Middle East,3.335663954
Poultry,feed_crops,1995,5,Northern Africa,3.256147144
Poultry,feed_crops,1995,16,Oceania,2.000717604
Poultry,feed_crops,1995,9,OECD Europe,2.304726404
Poultry,feed_crops,1995,4,South America,2.431156042
Poultry,feed_crops,1995,13,South Asia,2.065879121
Poultry,feed_crops,1995,15,South East Asia,1.448133449
Poultry,feed_crops,1995,8,Southern Africa,2.065863495
Poultry,feed_crops,1995,2,USA,2.325225085
Poultry,feed_crops,1995,6,Western Africa,2.068062016
Poultry,feed_crops,2030,1,Canada,2.330006234
Poultry,feed_crops,2030,3,Central America,2.120399251
Poultry,feed_crops,2030,14,East asia,1.363993746
Poultry,feed_crops,2030,7,Eastern Africa,1.572516813
Poultry,feed_crops,2030,10,Eastern Europe,2.585755394
Poultry,feed_crops,2030,11,Former USSR,2.665233547
Poultry,feed_crops,2030,17,Japan,2.325969175
Poultry,feed_crops,2030,12,Middle East,3.005320422
Poultry,feed_crops,2030,5,Northern Africa,2.996599183
Poultry,feed_crops,2030,16,Oceania,2.000717604
Poultry,feed_crops,2030,9,OECD Europe,2.304726404
Poultry,feed_crops,2030,4,South America,2.14341052
Poultry,feed_crops,2030,13,South Asia,1.861287227
Poultry,feed_crops,2030,15,South East Asia,1.283731825
Poultry,feed_crops,2030,8,Southern Africa,1.976043343
Poultry,feed_crops,2030,2,USA,2.325225085
Poultry,feed_crops,2030,6,Western Africa,1.983141595
Poultry,residues,1970,1,Canada,1
Poultry,residues,1970,3,Central America,2.15
Poultry,residues,1970,14,East asia,3.19
Poultry,residues,1970,7,Eastern Africa,3
Poultry,residues,1970,10,Eastern Europe,1.25
Poultry,residues,1970,11,Former USSR,1.25
Poultry,residues,1970,17,Japan,1
Poultry,residues,1970,12,Middle East,0.95
Poultry,residues,1970,5,Northern Africa,1.05
Poultry,residues,1970,16,Oceania,1.4
Poultry,residues,1970,9,OECD Europe,1
Poultry,residues,1970,4,South America,2.05
Poultry,residues,1970,13,South Asia,2.5
Poultry,residues,1970,15,South East Asia,3.25
Poultry,residues,1970,8,Southern Africa,2.5
Poultry,residues,1970,2,USA,1
Poultry,residues,1970,6,Western Africa,2.5
Poultry,residues,1995,1,Canada,0.7775
Poultry,residues,1995,3,Central America,1.7802
Poultry,residues,1995,14,East asia,2.0184
Poultry,residues,1995,7,Eastern Africa,2.484
Poultry,residues,1995,10,Eastern Europe,0.9725
Poultry,residues,1995,11,Former USSR,0.9725
Poultry,residues,1995,17,Japan,0.7775
Poultry,residues,1995,12,Middle East,0.7866
Poultry,residues,1995,5,Northern Africa,0.8694
Poultry,residues,1995,16,Oceania,1.0885
Poultry,residues,1995,9,OECD Europe,0.7775
Poultry,residues,1995,4,South America,1.6974
Poultry,residues,1995,13,South Asia,2.07
Poultry,residues,1995,15,South East Asia,2.691
Poultry,residues,1995,8,Southern Africa,2.07
Poultry,residues,1995,2,USA,0.7775
Poultry,residues,1995,6,Western Africa,2.07
Poultry,residues,2030,1,Canada,0.7775
Poultry,residues,2030,3,Central America,1.6039
Poultry,residues,2030,14,East asia,1.885
Poultry,residues,2030,7,Eastern Africa,2.37
Poultry,residues,2030,10,Eastern Europe,0.8675
Poultry,residues,2030,11,Former USSR,0.9
Poultry,residues,2030,17,Japan,0.7775
Poultry,residues,2030,12,Middle East,0.7087
Poultry,residues,2030,5,Northern Africa,0.8001
Poultry,residues,2030,16,Oceania,1.0885
Poultry,residues,2030,9,OECD Europe,0.7775
Poultry,residues,2030,4,South America,1.4965
Poultry,residues,2030,13,South Asia,1.865
Poultry,residues,2030,15,South East Asia,2.3855
Poultry,residues,2030,8,Southern Africa,1.98
Poultry,residues,2030,2,USA,0.7775
Poultry,residues,2030,6,Western Africa,1.985
Sheep and goats,animal_products,1970,1,Canada,0.000995034
Sheep and goats,animal_products,1970,3,Central America,0.003191246
Sheep and goats,animal_products,1970,14,East asia,0.000724184
Sheep and goats,animal_products,1970,7,Eastern Africa,0.001129247
Sheep and goats,animal_products,1970,10,Eastern Europe,0.01951205
Sheep and goats,animal_products,1970,11,Former USSR,0.032242026
Sheep and goats,animal_products,1970,17,Japan,0.027935206
Sheep and goats,animal_products,1970,12,Middle East,0.019447629
Sheep and goats,animal_products,1970,5,Northern Africa,0.014998229
Sheep and goats,animal_products,1970,16,Oceania,0.005315977
Sheep and goats,animal_products,1970,9,OECD Europe,0.011411361
Sheep and goats,animal_products,1970,4,South America,0.003018897
Sheep and goats,animal_products,1970,13,South Asia,0.019092723
Sheep and goats,animal_products,1970,15,South East Asia,0.001260168
Sheep and goats,animal_products,1970,8,Southern Africa,0.000145174
Sheep and goats,animal_products,1970,2,USA,0.003025408
Sheep and goats,animal_products,1970,6,Western Africa,0.000287789
Sheep and goats,animal_products,1995,1,Canada,0.001663239
Sheep and goats,animal_products,1995,3,Central America,0.003436239
Sheep and goats,animal_products,1995,14,East asia,0.000712608
Sheep and goats,animal_products,1995,7,Eastern Africa,0.001882546
Sheep and goats,animal_products,1995,10,Eastern Europe,0.015966841
Sheep and goats,animal_products,1995,11,Former USSR,0.029349007
Sheep and goats,animal_products,1995,17,Japan,0.02003631
Sheep and goats,animal_products,1995,12,Middle East,0.018810655
Sheep and goats,animal_products,1995,5,Northern Africa,0.013730197
Sheep and goats,animal_products,1995,16,Oceania,0.004815049
Sheep and goats,animal_products,1995,9,OECD Europe,0.0117995
Sheep and goats,animal_products,1995,4,South America,0.004815044
Sheep and goats,animal_products,1995,13,South Asia,0.019874523
Sheep and goats,animal_products,1995,15,South East Asia,0.001286675
Sheep and goats,animal_products,1995,8,Southern Africa,0.000304917
Sheep and goats,animal_products,1995,2,USA,0.00393799
Sheep and goats,animal_products,1995,6,Western Africa,0.000435649
Sheep and goats,animal_products,2030,1,Canada,0.001736888
Sheep and goats,animal_products,2030,3,Central America,0.003346933
Sheep and goats,animal_products,2030,14,East asia,0.000584184
Sheep and goats,animal_products,2030,7,Eastern Africa,0.001661832
Sheep and goats,animal_products,2030,10,Eastern Europe,0.016692043
Sheep and goats,animal_products,2030,11,Former USSR,0.025595334
Sheep and goats,animal_products,2030,17,Japan,0.012602544
Sheep and goats,animal_products,2030,12,Middle East,0.016324989
Sheep and goats,animal_products,2030,5,Northern Africa,0.014845754
Sheep and goats,animal_products,2030,16,Oceania,0.004606547
Sheep and goats,animal_products,2030,9,OECD Europe,0.007215197
Sheep and goats,animal_products,2030,4,South America,0.006095651
Sheep and goats,animal_products,2030,13,South Asia,0.014628144
Sheep and goats,animal_products,2030,15,South East Asia,0.001044001
Sheep and goats,animal_products,2030,8,Southern Africa,0.002062059
Sheep and goats,animal_products,2030,2,USA,0.004183793
Sheep and goats,animal_products,2030,6,Western Africa,0.000334681
Sheep and goats,feed_crops,1970,1,Canada,0.912156365
Sheep and goats,feed_crops,1970,3,Central America,0.327039439
Sheep and goats,feed_crops,1970,14,East asia,0.301755966
Sheep and goats,feed_crops,1970,7,Eastern Africa,0.0236348
Sheep and goats,feed_crops,1970,10,Eastern Europe,2.46383426
Sheep and goats,feed_crops,1970,11,Former USSR,1.848101792
Sheep and goats,feed_crops,1970,17,Japan,4.759250608
Sheep and goats,feed_crops,1970,12,Middle East,1.644411221
Sheep and goats,feed_crops,1970,5,Northern Africa,1.230765664
Sheep and goats,feed_crops,1970,16,Oceania,0.162073331
Sheep and goats,feed_crops,1970,9,OECD Europe,0.638162524
Sheep and goats,feed_crops,1970,4,South America,0.170031178
Sheep and goats,feed_crops,1970,13,South Asia,0.038170959
Sheep and goats,feed_crops,1970,15,South East Asia,0.153803952
Sheep and goats,feed_crops,1970,8,Southern Africa,0.016042058
Sheep and goats,feed_crops,1970,2,USA,0.853989658
Sheep and goats,feed_crops,1970,6,Western Africa,0.045680726
Sheep and goats,feed_crops,1995,1,Canada,1.524706739
Sheep and goats,feed_crops,1995,3,Central America,0.352146348
Sheep and goats,feed_crops,1995,14,East asia,0.29693249
Sheep and goats,feed_crops,1995,7,Eastern Africa,0.039401123
Sheep and goats,feed_crops,1995,10,Eastern Europe,2.016172094
Sheep and goats,feed_crops,1995,11,Former USSR,1.682274933
Sheep and goats,feed_crops,1995,17,Japan,3.413535629
Sheep and goats,feed_crops,1995,12,Middle East,1.590551382
Sheep and goats,feed_crops,1995,5,Northern Africa,1.126710045
Sheep and goats,feed_crops,1995,16,Oceania,0.146801058
Sheep and goats,feed_crops,1995,9,OECD Europe,0.659868628
Sheep and goats,feed_crops,1995,4,South America,0.271194247
Sheep and goats,feed_crops,1995,13,South Asia,0.039733965
Sheep and goats,feed_crops,1995,15,South East Asia,0.157039095
Sheep and goats,feed_crops,1995,8,Southern Africa,0.033693927
Sheep and goats,feed_crops,1995,2,USA,1.111586208
Sheep and goats,feed_crops,1995,6,Western Africa,0.069150607
Sheep and goats,feed_crops,2030,1,Canada,1.592221427
Sheep and goats,feed_crops,2030,3,Central America,0.342994264
Sheep and goats,feed_crops,2030,14,East asia,0.243420412
Sheep and goats,feed_crops,2030,7,Eastern Africa,0.034781642
Sheep and goats,feed_crops,2030,10,Eastern Europe,2.10774514
Sheep and goats,feed_crops,2030,11,Former USSR,1.467115699
Sheep and goats,feed_crops,2030,17,Japan,2.147063648
Sheep and goats,feed_crops,2030,12,Middle East,1.380373677
Sheep and goats,feed_crops,2030,5,Northern Africa,1.218253472
Sheep and goats,feed_crops,2030,16,Oceania,0.140444243
Sheep and goats,feed_crops,2030,9,OECD Europe,0.403498644
Sheep and goats,feed_crops,2030,4,South America,0.343320973
Sheep and goats,feed_crops,2030,13,South Asia,0.029245188
Sheep and goats,feed_crops,2030,15,South East Asia,0.127420669
Sheep and goats,feed_crops,2030,8,Southern Africa,0.227861761
Sheep and goats,feed_crops,2030,2,USA,1.180969773
Sheep and goats,feed_crops,2030,6,Western Africa,0.053123984
Sheep and goats,grass,1970,1,Canada,24.92093681
Sheep and goats,grass,1970,3,Central America,94.70324849
Sheep and goats,grass,1970,14,East asia,19.30468686
Sheep and goats,grass,1970,7,Eastern Africa,20.81318263
Sheep and goats,grass,1970,10,Eastern Europe,41.88827701
Sheep and goats,grass,1970,11,Former USSR,37.65628922
Sheep and goats,grass,1970,17,Japan,30.339507
Sheep and goats,grass,1970,12,Middle East,7.205479207
Sheep and goats,grass,1970,5,Northern Africa,5.787647419
Sheep and goats,grass,1970,16,Oceania,33.76142251
Sheep and goats,grass,1970,9,OECD Europe,23.67558524
Sheep and goats,grass,1970,4,South America,63.93461099
Sheep and goats,grass,1970,13,South Asia,10.45159694
Sheep and goats,grass,1970,15,South East Asia,18.99579171
Sheep and goats,grass,1970,8,Southern Africa,28.42598192
Sheep and goats,grass,1970,2,USA,32.00301186
Sheep and goats,grass,1970,6,Western Africa,22.92092584
Sheep and goats,grass,1995,1,Canada,29.37351739
Sheep and goats,grass,1995,3,Central America,59.93614494
Sheep and goats,grass,1995,14,East asia,17.01876384
Sheep and goats,grass,1995,7,Eastern Africa,21.95550441
Sheep and goats,grass,1995,10,Eastern Europe,34.27745793
Sheep and goats,grass,1995,11,Former USSR,34.27745793
Sheep and goats,grass,1995,17,Japan,21.76077636
Sheep and goats,grass,1995,12,Middle East,6.969476223
Sheep and goats,grass,1995,5,Northern Africa,6.509074443
Sheep and goats,grass,1995,16,Oceania,26.24685513
Sheep and goats,grass,1995,9,OECD Europe,24.48087341
Sheep and goats,grass,1995,4,South America,59.93614494
Sheep and goats,grass,1995,13,South Asia,8.633460506
Sheep and goats,grass,1995,15,South East Asia,16.0847959
Sheep and goats,grass,1995,8,Southern Africa,24.06190779
Sheep and goats,grass,1995,2,USA,29.37351739
Sheep and goats,grass,1995,6,Western Africa,21.95550441
Sheep and goats,grass,2030,1,Canada,25.53011794
Sheep and goats,grass,2030,3,Central America,38.89535017
Sheep and goats,grass,2030,14,East asia,11.76122976
Sheep and goats,grass,2030,7,Eastern Africa,14.91295519
Sheep and goats,grass,2030,10,Eastern Europe,35.83431472
Sheep and goats,grass,2030,11,Former USSR,29.89344706
Sheep and goats,grass,2030,17,Japan,13.68720791
Sheep and goats,grass,2030,12,Middle East,5.993633049
Sheep and goats,grass,2030,5,Northern Africa,6.286539029
Sheep and goats,grass,2030,16,Oceania,23.65666609
Sheep and goats,grass,2030,9,OECD Europe,14.96964516
Sheep and goats,grass,2030,4,South America,46.1721816
Sheep and goats,grass,2030,13,South Asia,5.313528398
Sheep and goats,grass,2030,15,South East Asia,11.29522995
Sheep and goats,grass,2030,8,Southern Africa,18.30118826
Sheep and goats,grass,2030,2,USA,24.92695393
Sheep and goats,grass,2030,6,Western Africa,13.23968833
Sheep and goats,residues,1970,1,Canada,0.044888775
Sheep and goats,residues,1970,3,Central America,1.023155651
Sheep and goats,residues,1970,14,East asia,0.435950496
Sheep and goats,residues,1970,7,Eastern Africa,0.412170701
Sheep and goats,residues,1970,10,Eastern Europe,2.170906692
Sheep and goats,residues,1970,11,Former USSR,2.303688317
Sheep and goats,residues,1970,17,Japan,2.797690937
Sheep and goats,residues,1970,12,Middle East,3.553901955
Sheep and goats,residues,1970,5,Northern Africa,3.136822605
Sheep and goats,residues,1970,16,Oceania,1.609527667
Sheep and goats,residues,1970,9,OECD Europe,1.981046698
Sheep and goats,residues,1970,4,South America,0.740627441
Sheep and goats,residues,1970,13,South Asia,0.639509448
Sheep and goats,residues,1970,15,South East Asia,0.556593783
Sheep and goats,residues,1970,8,Southern Africa,0.028538377
Sheep and goats,residues,1970,2,USA,0.373282625
Sheep and goats,residues,1970,6,Western Africa,0.435214452
Sheep and goats,residues,1995,1,Canada,0.075033427
Sheep and goats,residues,1995,3,Central America,1.101703594
Sheep and goats,residues,1995,14,East asia,0.428981962
Sheep and goats,residues,1995,7,Eastern Africa,0.687121884
Sheep and goats,residues,1995,10,Eastern Europe,1.776467501
Sheep and goats,residues,1995,11,Former USSR,2.096982497
Sheep and goats,residues,1995,17,Japan,2.006622151
Sheep and goats,residues,1995,12,Middle East,3.437500055
Sheep and goats,residues,1995,5,Northern Africa,2.871618574
Sheep and goats,residues,1995,16,Oceania,1.457860858
Sheep and goats,residues,1995,9,OECD Europe,2.048428917
Sheep and goats,residues,1995,4,South America,1.181276889
Sheep and goats,residues,1995,13,South Asia,0.665695782
Sheep and goats,residues,1995,15,South East Asia,0.568301289
Sheep and goats,residues,1995,8,Southern Africa,0.059940563
Sheep and goats,residues,1995,2,USA,0.485879207
Sheep and goats,residues,1995,6,Western Africa,0.658819297
Sheep and goats,residues,2030,1,Canada,0.07835594
Sheep and goats,residues,2030,3,Central America,1.073070941
Sheep and goats,residues,2030,14,East asia,0.351672415
Sheep and goats,residues,2030,7,Eastern Africa,0.606562091
Sheep and goats,residues,2030,10,Eastern Europe,1.857153341
Sheep and goats,residues,2030,11,Former USSR,1.828783085
Sheep and goats,residues,2030,17,Japan,1.262135786
Sheep and goats,residues,2030,12,Middle East,2.983263947
Sheep and goats,residues,2030,5,Northern Africa,3.104933087
Sheep and goats,residues,2030,16,Oceania,1.39473221
Sheep and goats,residues,2030,9,OECD Europe,1.252580066
Sheep and goats,residues,2030,4,South America,1.49544887
Sheep and goats,residues,2030,13,South Asia,0.489968675
Sheep and goats,residues,2030,15,South East Asia,0.46111658
Sheep and goats,residues,2030,8,Southern Africa,0.405359765
Sheep and goats,residues,2030,2,USA,0.516207068
Sheep and goats,residues,2030,6,Western Africa,0.50612869
Sheep and goats,scavenging,1970,1,Canada,0
Sheep and goats,scavenging,1970,3,Central America,5.055612359
Sheep and goats,scavenging,1970,14,East asia,1.054900921
Sheep and goats,scavenging,1970,7,Eastern Africa,2.361124153
Sheep and goats,scavenging,1970,10,Eastern Europe,0
Sheep and goats,scavenging,1970,11,Former USSR,0
Sheep and goats,scavenging,1970,17,Japan,0
Sheep and goats,scavenging,1970,12,Middle East,1.380360001
Sheep and goats,scavenging,1970,5,Northern Africa,1.130025991
Sheep and goats,scavenging,1970,16,Oceania,3.948704388
Sheep and goats,scavenging,1970,9,OECD Europe,0
Sheep and goats,scavenging,1970,4,South America,3.413067816
Sheep and goats,scavenging,1970,13,South Asia,11.14837007
Sheep and goats,scavenging,1970,15,South East Asia,2.189716624
Sheep and goats,scavenging,1970,8,Southern Africa,3.163411948
Sheep and goats,scavenging,1970,2,USA,0
Sheep and goats,scavenging,1970,6,Western Africa,2.600234312
Sheep and goats,scavenging,1995,1,Canada,0
Sheep and goats,scavenging,1995,3,Central America,3.231233217
Sheep and goats,scavenging,1995,14,East asia,0.933967942
Sheep and goats,scavenging,1995,7,Eastern Africa,2.52043444
Sheep and goats,scavenging,1995,10,Eastern Europe,0
Sheep and goats,scavenging,1995,11,Former USSR,0
Sheep and goats,scavenging,1995,17,Japan,0
Sheep and goats,scavenging,1995,12,Middle East,1.335148702
Sheep and goats,scavenging,1995,5,Northern Africa,1.169014807
Sheep and goats,scavenging,1995,16,Oceania,3.095148011
Sheep and goats,scavenging,1995,9,OECD Europe,0
Sheep and goats,scavenging,1995,4,South America,3.231233217
Sheep and goats,scavenging,1995,13,South Asia,9.358764776
Sheep and goats,scavenging,1995,15,South East Asia,1.867935885
Sheep and goats,scavenging,1995,8,Southern Africa,2.683983022
Sheep and goats,scavenging,1995,2,USA,0
Sheep and goats,scavenging,1995,6,Western Africa,2.52043444
Sheep and goats,scavenging,2030,1,Canada,0
Sheep and goats,scavenging,2030,3,Central America,2.121829595
Sheep and goats,scavenging,2030,14,East asia,0.650363514
Sheep and goats,scavenging,2030,7,Eastern Africa,1.728440084
Sheep and goats,scavenging,2030,10,Eastern Europe,0
Sheep and goats,scavenging,2030,11,Former USSR,0
Sheep and goats,scavenging,2030,17,Japan,0
Sheep and goats,scavenging,2030,12,Middle East,1.15262174
Sheep and goats,scavenging,2030,5,Northern Africa,1.180507927
Sheep and goats,scavenging,2030,16,Oceania,2.799605454
Sheep and goats,scavenging,2030,9,OECD Europe,0
Sheep and goats,scavenging,2030,4,South America,2.527213005
Sheep and goats,scavenging,2030,13,South Asia,5.847370405
Sheep and goats,scavenging,2030,15,South East Asia,1.320534577
Sheep and goats,scavenging,2030,8,Southern Africa,2.104052427
Sheep and goats,scavenging,2030,2,USA,0
Sheep and goats,scavenging,2030,6,Western Africa,1.533252854
